Id,Position,First Name,Nickname,Last Name,FPPG,Played,Salary,Game,Team,Opponent,Injury Indicator,Injury Details,Tier,,,Roster Position
120542-85701,WR,Ja'Marr,Ja'Marr Chase,Chase,18.049999237060547,2,9600,CIN@MIN,CIN,MIN,,,,,,WR/FLEX
120542-136855,RB,Bijan,Bijan Robinson,Robinson,22.850000381469727,2,9500,ATL@CAR,ATL,CAR,,,,,,RB/FLEX
120542-55050,RB,Christian,Christian McCaffrey,McCaffrey,19.200000762939453,2,9100,ARI@SF,SF,ARI,,,,,,RB/FLEX
120542-103020,WR,Puka,Puka Nacua,Nacua,22.350000381469727,2,9000,LAR@PHI,LAR,PHI,,,,,,WR/FLEX
120542-85671,WR,Justin,Justin Jefferson,Jefferson,11.199999809265137,2,8900,CIN@MIN,MIN,CIN,,,,,,WR/FLEX
120542-64401,RB,Saquon,Saquon Barkley,Barkley,16.399999618530273,2,8900,LAR@PHI,PHI,LAR,,,,,,RB/FLEX
120542-86631,WR,CeeDee,CeeDee Lamb,Lamb,18.100000381469727,2,8800,DAL@CHI,DAL,CHI,,,,,,WR/FLEX
120542-102785,QB,Jayden,Jayden Daniels,Daniels,19.90999984741211,2,8600,LV@WAS,WAS,LV,Q,Knee,,,,QB
120542-89675,RB,Jonathan,Jonathan Taylor,Taylor,21.399999618530273,2,8500,IND@TEN,IND,TEN,,,,,,RB/FLEX
120542-69531,QB,Jalen,Jalen Hurts,Hurts,17.90999984741211,2,8500,LAR@PHI,PHI,LAR,,,,,,QB
120542-42104,RB,Alvin,Alvin Kamara,Kamara,12.850000381469727,2,8000,NO@SEA,NO,SEA,,,,,,RB/FLEX
120542-129458,WR,Jaxon,Jaxon Smith-Njigba,Smith-Njigba,17.600000381469727,2,8000,NO@SEA,SEA,NO,,,,,,WR/FLEX
120542-63336,QB,Joe,Joe Burrow,Burrow,7.929999828338623,2,8000,CIN@MIN,CIN,MIN,O,Toe,,,,QB
120542-41535,QB,Baker,Baker Mayfield,Mayfield,21.239999771118164,2,7900,NYJ@TB,TB,NYJ,,,,,,QB
120542-63519,QB,Daniel,Daniel Jones,Jones,27.65999984741211,2,7800,IND@TEN,IND,TEN,,,,,,QB
120542-91419,WR,Nico,Nico Collins,Collins,8.350000381469727,2,7800,HOU@JAC,HOU,JAC,,,,,,WR/FLEX
120542-89493,RB,Chase,Chase Brown,Brown,9.800000190734863,2,7800,CIN@MIN,CIN,MIN,,,,,,RB/FLEX
120542-72731,RB,Josh,Josh Jacobs,Jacobs,13.949999809265137,2,7700,GB@CLE,GB,CLE,,,,,,RB/FLEX
120542-69017,QB,Jordan,Jordan Love,Love,18.399999618530273,2,7700,GB@CLE,GB,CLE,,,,,,QB
120542-69189,QB,Justin,Justin Herbert,Herbert,24.850000381469727,2,7600,DEN@LAC,LAC,DEN,,,,,,QB
120542-32384,WR,Mike,Mike Evans,Evans,7.849999904632568,2,7600,NYJ@TB,TB,NYJ,,,,,,WR/FLEX
120542-133472,WR,Ladd,Ladd McConkey,McConkey,8.850000381469727,2,7500,DEN@LAC,LAC,DEN,,,,,,WR/FLEX
120542-91591,QB,Justin,Justin Fields,Fields,16.75,2,7500,NYJ@TB,NYJ,TB,Q,Concussion,,,,QB
120542-40687,RB,James,James Conner,Conner,12.050000190734863,2,7500,ARI@SF,ARI,SF,,,,,,RB/FLEX
120542-152664,RB,Bucky,Bucky Irving,Irving,13.800000190734863,2,7400,NYJ@TB,TB,NYJ,,,,,,RB/FLEX
120542-151745,WR,Brian,Brian Thomas Jr.,Thomas Jr.,7.699999809265137,2,7400,HOU@JAC,JAC,HOU,Q,Wrist,,,,WR/FLEX
120542-151794,TE,Brock,Brock Bowers,Bowers,11.050000190734863,2,7400,LV@WAS,LV,WAS,,,,,,TE/FLEX
120542-63484,QB,Kyler,Kyler Murray,Murray,16.65999984741211,2,7400,ARI@SF,ARI,SF,,,,,,QB
120542-112745,WR,Drake,Drake London,London,6.949999809265137,2,7300,ATL@CAR,ATL,CAR,,,,,,WR/FLEX
120542-152316,QB,Drake,Drake Maye,Maye,21.290000915527344,2,7300,PIT@NE,NE,PIT,,,,,,QB
120542-31716,QB,Dak,Dak Prescott,Prescott,16.979999542236328,2,7300,DAL@CHI,DAL,CHI,,,,,,QB
120542-104433,RB,Kyren,Kyren Williams,Williams,11.199999809265137,2,7300,LAR@PHI,LAR,PHI,,,,,,RB/FLEX
120542-93541,RB,Javonte,Javonte Williams,Williams,20.700000762939453,2,7200,DAL@CHI,DAL,CHI,,,,,,RB/FLEX
120542-102965,QB,Bo,Bo Nix,Nix,15.039999961853027,2,7200,DEN@LAC,DEN,LAC,,,,,,QB
120542-26483,QB,Geno,Geno Smith,Smith,13.84000015258789,2,7200,LV@WAS,LV,WAS,,,,,,QB
120542-89981,WR,Tee,Tee Higgins,Higgins,8.949999809265137,2,7200,CIN@MIN,CIN,MIN,,,,,,WR/FLEX
120542-152113,QB,Caleb,Caleb Williams,Williams,21.09000015258789,2,7100,DAL@CHI,CHI,DAL,,,,,,QB
120542-45889,WR,Davante,Davante Adams,Adams,14.850000381469727,2,7100,LAR@PHI,LAR,PHI,,,,,,WR/FLEX
120542-89951,QB,Trevor,Trevor Lawrence,Lawrence,16.280000686645508,2,7100,HOU@JAC,JAC,HOU,,,,,,QB
120542-72846,WR,A.J.,A.J. Brown,Brown,3.25,2,7000,LAR@PHI,PHI,LAR,,,,,,WR/FLEX
120542-91750,TE,Trey,Trey McBride,McBride,9.949999809265137,2,7000,ARI@SF,ARI,SF,,,,,,TE/FLEX
120542-6894,QB,Aaron,Aaron Rodgers,Rodgers,19.040000915527344,2,7000,PIT@NE,PIT,NE,,,,,,QB
120542-89956,RB,Travis,Travis Etienne Jr.,Etienne Jr.,18,2,7000,HOU@JAC,JAC,HOU,,,,,,RB/FLEX
120542-152575,QB,J.J.,J.J. McCarthy,McCarthy,14.020000457763672,2,7000,CIN@MIN,MIN,CIN,O,Ankle,,,,QB
120542-63589,QB,Sam,Sam Darnold,Darnold,11.600000381469727,2,6900,NO@SEA,SEA,NO,,,,,,QB
120542-103564,WR,Garrett,Garrett Wilson,Wilson,13,2,6900,NYJ@TB,NYJ,TB,,,,,,WR/FLEX
120542-6654,QB,Matthew,Matthew Stafford,Stafford,15.960000038146973,2,6900,LAR@PHI,LAR,PHI,,,,,,QB
120542-103064,RB,Breece,Breece Hall,Hall,11.649999618530273,2,6900,NYJ@TB,NYJ,TB,,,,,,RB/FLEX
120542-167031,RB,Ashton,Ashton Jeanty,Jeanty,8.449999809265137,2,6800,LV@WAS,LV,WAS,,,,,,RB/FLEX
120542-73048,WR,DK,DK Metcalf,Metcalf,9.899999618530273,2,6800,PIT@NE,PIT,NE,,,,,,WR/FLEX
120542-60840,QB,Jake,Jake Browning,Browning,20.739999771118164,1,6800,CIN@MIN,CIN,MIN,,,,,,QB
120542-88797,QB,Michael,Michael Penix Jr.,Penix Jr.,14.65999984741211,2,6800,ATL@CAR,ATL,CAR,,,,,,QB
120542-87467,RB,Chuba,Chuba Hubbard,Hubbard,16.299999237060547,2,6700,ATL@CAR,CAR,ATL,,,,,,RB/FLEX
120542-129471,QB,C.J.,C.J. Stroud,Stroud,12.350000381469727,2,6700,HOU@JAC,HOU,JAC,,,,,,QB
120542-90584,QB,Mac,Mac Jones,Jones,21.760000228881836,1,6700,ARI@SF,SF,ARI,,,,,,QB
120542-85607,QB,Brock,Brock Purdy,Purdy,18.780000686645508,1,6700,ARI@SF,SF,ARI,O,Toe,,,,QB
120542-56018,WR,Deebo,Deebo Samuel Sr.,Samuel Sr.,16.5,2,6700,LV@WAS,WAS,LV,,,,,,WR/FLEX
120542-119606,QB,Bryce,Bryce Young,Young,17.739999771118164,2,6600,ATL@CAR,CAR,ATL,,,,,,QB
120542-103342,RB,Kenneth,Kenneth Walker III,Walker III,12.600000381469727,2,6600,NO@SEA,SEA,NO,,,,,,RB/FLEX
120542-56250,WR,Terry,Terry McLaurin,McLaurin,5.5,2,6600,LV@WAS,WAS,LV,,,,,,WR/FLEX
120542-111557,QB,Spencer,Spencer Rattler,Rattler,16.56999969482422,2,6600,NO@SEA,NO,SEA,,,,,,QB
120542-14377,QB,Tyrod,Tyrod Taylor,Taylor,8.34000015258789,1,6500,NYJ@TB,NYJ,TB,,,,,,QB
120542-57403,WR,Courtland,Courtland Sutton,Sutton,8.100000381469727,2,6500,DEN@LAC,DEN,LAC,,,,,,WR/FLEX
120542-91598,RB,D'Andre,D'Andre Swift,Swift,10.199999809265137,2,6500,DAL@CHI,CHI,DAL,,,,,,RB/FLEX
120542-160303,TE,Tucker,Tucker Kraft,Kraft,16.649999618530273,2,6500,GB@CLE,GB,CLE,,,,,,TE/FLEX
120542-6714,QB,Joe,Joe Flacco,Flacco,11.979999542236328,2,6500,GB@CLE,CLE,GB,,,,,,QB
120542-152651,WR,Marvin,Marvin Harrison Jr.,Harrison Jr.,9.649999618530273,2,6400,ARI@SF,ARI,SF,,,,,,WR/FLEX
120542-120033,WR,Rome,Rome Odunze,Odunze,22,2,6400,DAL@CHI,CHI,DAL,,,,,,WR/FLEX
120542-168356,QB,Cam,Cam Ward,Ward,6.139999866485596,2,6400,IND@TEN,TEN,IND,,,,,,QB
120542-87787,RB,J.K.,J.K. Dobbins,Dobbins,14.399999618530273,2,6400,DEN@LAC,DEN,LAC,,,,,,RB/FLEX
120542-152655,WR,Emeka,Emeka Egbuka,Egbuka,16.25,2,6300,NYJ@TB,TB,NYJ,,,,,,WR/FLEX
120542-40442,RB,Aaron,Aaron Jones Sr.,Jones Sr.,8.25,2,6300,CIN@MIN,MIN,CIN,Q,Hamstring,,,,RB/FLEX
120542-63043,WR,DJ,DJ Moore,Moore,7.099999904632568,2,6300,DAL@CHI,CHI,DAL,,,,,,WR/FLEX
120542-63634,WR,Jakobi,Jakobi Meyers,Meyers,11.75,2,6200,LV@WAS,LV,WAS,,,,,,WR/FLEX
120542-112057,RB,Jaylen,Jaylen Warren,Warren,14.149999618530273,2,6200,PIT@NE,PIT,NE,,,,,,RB/FLEX
120542-110246,WR,George,George Pickens,Pickens,9.899999618530273,2,6200,DAL@CHI,DAL,CHI,,,,,,WR/FLEX
120542-63759,RB,Tony,Tony Pollard,Pollard,8.300000190734863,2,6100,IND@TEN,TEN,IND,,,,,,RB/FLEX
120542-90576,WR,DeVonta,DeVonta Smith,Smith,5.199999809265137,2,6100,LAR@PHI,PHI,LAR,,,,,,WR/FLEX
120542-87770,WR,Chris,Chris Olave,Olave,8.649999618530273,2,6100,NO@SEA,NO,SEA,,,,,,WR/FLEX
120542-86081,QB,Emory,Emory Jones,Jones,,0,6000,ATL@CAR,ATL,CAR,IR,Concussion,,,,QB
120542-152646,QB,Kyle,Kyle McCord,McCord,,0,6000,LAR@PHI,PHI,LAR,,,,,,QB
120542-52342,QB,Will,Will Grier,Grier,,0,6000,DAL@CHI,DAL,CHI,,,,,,QB
120542-104576,QB,Sam,Sam Howell,Howell,0.07999999821186066,2,6000,LAR@PHI,PHI,LAR,,,,,,QB
120542-174215,RB,Omarion,Omarion Hampton,Hampton,5.050000190734863,2,6000,DEN@LAC,LAC,DEN,,,,,,RB/FLEX
120542-61593,WR,Jauan,Jauan Jennings,Jennings,10,2,6000,ARI@SF,SF,ARI,Q,Ankle,,,,WR/FLEX
120542-103591,QB,Graham,Graham Mertz,Mertz,,0,6000,HOU@JAC,HOU,JAC,,,,,,QB
120542-149696,QB,Trey,Trey Lance,Lance,2.7479999542236326,5,6000,DEN@LAC,LAC,DEN,,,,,,QB
120542-93382,QB,Aidan,Aidan O'Connell,O'Connell,11.164444817437065,9,6000,LV@WAS,LV,WAS,IR,Wrist,,,,QB
120542-45259,QB,Logan,Logan Woodside,Woodside,,0,6000,PIT@NE,PIT,NE,,,,,,QB
120542-152787,QB,Seth,Seth Henigan,Henigan,,0,6000,HOU@JAC,JAC,HOU,,,,,,QB
120542-86243,QB,Will,Will Levis,Levis,10.995000203450521,12,6000,IND@TEN,TEN,IND,IR,Shoulder,,,,QB
120542-91390,QB,Joe,Joe Milton III,Milton III,9.619999885559082,2,6000,DAL@CHI,DAL,CHI,,,,,,QB
120542-103698,QB,Dillon,Dillon Gabriel,Gabriel,4.760000228881836,1,6000,GB@CLE,CLE,GB,,,,,,QB
120542-129315,QB,Anthony,Anthony Richardson Sr.,Richardson Sr.,15.896363691850143,11,6000,IND@TEN,IND,TEN,,,,,,QB
120542-120105,QB,Will,Will Howard,Howard,,0,6000,PIT@NE,PIT,NE,IR,Hand,,,,QB
120542-54604,QB,Jimmy,Jimmy Garoppolo,Garoppolo,11.930000305175781,2,6000,LAR@PHI,LAR,PHI,,,,,,QB
120542-88431,QB,Tyler,Tyler Shough,Shough,,0,6000,NO@SEA,NO,SEA,,,,,,QB
120542-92560,QB,Sam,Sam Ehlinger,Ehlinger,0,1,6000,DEN@LAC,DEN,LAC,,,,,,QB
120542-103824,QB,Easton,Easton Stick,Stick,,0,6000,ATL@CAR,ATL,CAR,,,,,,QB
120542-110000,QB,Connor,Connor Bazelak,Bazelak,,0,6000,NYJ@TB,TB,NYJ,,,,,,QB
120542-185776,QB,Tyson,Tyson Bagent,Bagent,1.7799999713897705,1,6000,DAL@CHI,CHI,DAL,,,,,,QB
120542-91583,QB,Stetson,Stetson Bennett IV,Bennett IV,0,1,6000,LAR@PHI,LAR,PHI,,,,,,QB
120542-31170,QB,Brandon,Brandon Allen,Allen,2.7866665522257485,3,6000,IND@TEN,TEN,IND,,,,,,QB
120542-22994,QB,Case,Case Keenum,Keenum,,0,6000,DAL@CHI,CHI,DAL,,,,,,QB
120542-40407,QB,Joshua,Joshua Dobbs,Dobbs,11.946666717529297,3,6000,PIT@NE,NE,PIT,,,,,,QB
120542-53729,QB,Mason,Mason Rudolph,Rudolph,0.47999998927116394,1,6000,PIT@NE,PIT,NE,,,,,,QB
120542-33259,QB,Teddy,Teddy Bridgewater,Bridgewater,0.11999999731779099,1,6000,NYJ@TB,TB,NYJ,,,,,,QB
120542-134655,QB,Hunter,Hunter Dekkers,Dekkers,,0,6000,NO@SEA,NO,SEA,,,,,,QB
120542-89607,QB,Tanner,Tanner McKee,McKee,7.204999923706055,4,6000,LAR@PHI,PHI,LAR,Q,Thumb,,,,QB
120542-60947,QB,Jarrett,Jarrett Stidham,Stidham,0.16666666666666666,3,6000,DEN@LAC,DEN,LAC,,,,,,QB
120542-102933,QB,Kedon,Kedon Slovis,Slovis,,0,6000,ARI@SF,ARI,SF,,,,,,QB
120542-22038,QB,Kirk,Kirk Cousins,Cousins,14.380000523158483,14,6000,ATL@CAR,ATL,CAR,,,,,,QB
120542-30231,QB,Jacoby,Jacoby Brissett,Brissett,0.20000000298023224,1,6000,ARI@SF,ARI,SF,,,,,,QB
120542-89628,QB,Davis,Davis Mills,Mills,1.596666653951009,6,6000,HOU@JAC,HOU,JAC,,,,,,QB
120542-94748,QB,Tommy,Tommy DeVito,DeVito,6.739999771118164,2,6000,PIT@NE,NE,PIT,,,,,,QB
120542-87594,QB,Sam,Sam Hartman,Hartman,,0,6000,LV@WAS,WAS,LV,,,,,,QB
120542-30253,QB,Jeff,Jeff Driskel,Driskel,0,1,6000,LV@WAS,LV,WAS,,,,,,QB
120542-64051,QB,Drew,Drew Lock,Lock,12.591428484235491,7,6000,NO@SEA,SEA,NO,,,,,,QB
120542-29253,WR,Keenan,Keenan Allen,Allen,15.449999809265137,2,6000,DEN@LAC,LAC,DEN,,,,,,WR/FLEX
120542-208467,QB,Cam,Cam Miller,Miller,,0,6000,LV@WAS,LV,WAS,,,,,,QB
120542-41562,QB,Nick,Nick Mullens,Mullens,0.33000001311302185,4,6000,HOU@JAC,JAC,HOU,,,,,,QB
120542-87691,QB,Malik,Malik Willis,Willis,7.399999891008649,7,6000,GB@CLE,GB,CLE,,,,,,QB
120542-29358,QB,Marcus,Marcus Mariota,Mariota,7.643333435058594,6,6000,LV@WAS,WAS,LV,,,,,,QB
120542-69294,QB,Skylar,Skylar Thompson,Thompson,2.626666704813639,3,6000,PIT@NE,PIT,NE,IR,Hamstring,,,,QB
120542-70324,QB,Carson,Carson Wentz,Wentz,1.1799999475479126,4,6000,CIN@MIN,MIN,CIN,,,,,,QB
120542-90813,QB,Clayton,Clayton Tune,Tune,-0.3466666539510091,6,6000,GB@CLE,GB,CLE,,,,,,QB
120542-167620,WR,Tetairoa,Tetairoa McMillan,McMillan,12.649999618530273,2,6000,ATL@CAR,CAR,ATL,,,,,,WR/FLEX
120542-139985,QB,Bailey,Bailey Zappe,Zappe,4.5,2,6000,GB@CLE,CLE,GB,,,,,,QB
120542-61157,QB,Brett,Brett Rypien,Rypien,0,1,6000,CIN@MIN,CIN,MIN,,,,,,QB
120542-86793,QB,Jake,Jake Haener,Haener,1.7799999713897705,8,6000,NO@SEA,NO,SEA,,,,,,QB
120542-28434,QB,Trevor,Trevor Siemian,Siemian,,0,6000,IND@TEN,TEN,IND,,,,,,QB
120542-154450,QB,Riley,Riley Leonard,Leonard,,0,6000,IND@TEN,IND,TEN,,,,,,QB
120542-8023,QB,Josh,Josh Johnson,Johnson,0.19499999284744263,4,6000,LV@WAS,WAS,LV,,,,,,QB
120542-119641,QB,Brady,Brady Cook,Cook,,0,6000,NYJ@TB,NYJ,TB,,,,,,QB
120542-154462,QB,Jalen,Jalen Milroe,Milroe,0.10000000149011612,1,6000,NO@SEA,SEA,NO,,,,,,QB
120542-90981,QB,Adrian,Adrian Martinez,Martinez,,0,6000,ARI@SF,SF,ARI,,,,,,QB
120542-92020,QB,Kenny,Kenny Pickett,Pickett,3.6342857905796597,7,6000,LV@WAS,LV,WAS,,,,,,QB
120542-184183,QB,Shedeur,Shedeur Sanders,Sanders,,0,6000,GB@CLE,CLE,GB,,,,,,QB
120542-14225,QB,Andy,Andy Dalton,Dalton,9.708571297781807,7,6000,ATL@CAR,CAR,ATL,,,,,,QB
120542-200653,QB,Max,Max Brosmer,Brosmer,,0,6000,CIN@MIN,MIN,CIN,,,,,,QB
120542-85983,QB,Hendon,Hendon Hooker,Hooker,0.6700000166893005,4,6000,ATL@CAR,CAR,ATL,,,,,,QB
120542-129010,QB,DJ,DJ Uiagalelei,Uiagalelei,,0,6000,DEN@LAC,LAC,DEN,,,,,,QB
120542-79970,WR,Cooper,Cooper Kupp,Kupp,7.5,2,5900,NO@SEA,SEA,NO,,,,,,WR/FLEX
120542-94370,WR,Romeo,Romeo Doubs,Doubs,9.050000190734863,2,5900,GB@CLE,GB,CLE,,,,,,WR/FLEX
120542-25079,WR,Stefon,Stefon Diggs,Diggs,6.949999809265137,2,5900,PIT@NE,NE,PIT,,,,,,WR/FLEX
120542-111540,RB,Rhamondre,Rhamondre Stevenson,Stevenson,11.199999809265137,2,5900,PIT@NE,NE,PIT,,,,,,RB/FLEX
120542-71706,TE,T.J.,T.J. Hockenson,Hockenson,2.3499999046325684,2,5800,CIN@MIN,MIN,CIN,,,,,,TE/FLEX
120542-69777,WR,Darnell,Darnell Mooney,Mooney,3,1,5800,ATL@CAR,ATL,CAR,,,,,,WR/FLEX
120542-90561,WR,Jerry,Jerry Jeudy,Jeudy,8.100000381469727,2,5800,GB@CLE,CLE,GB,,,,,,WR/FLEX
120542-120639,WR,Quentin,Quentin Johnston,Johnston,18.399999618530273,2,5800,DEN@LAC,LAC,DEN,,,,,,WR/FLEX
120542-86875,RB,Jordan,Jordan Mason,Mason,6.400000095367432,2,5800,CIN@MIN,MIN,CIN,,,,,,RB/FLEX
120542-166916,WR,Matthew,Matthew Golden,Golden,2.049999952316284,2,5700,GB@CLE,GB,CLE,,,,,,WR/FLEX
120542-64808,TE,Juwan,Juwan Johnson,Johnson,12.5,2,5700,NO@SEA,NO,SEA,,,,,,TE/FLEX
120542-53562,RB,Nick,Nick Chubb,Chubb,10.100000381469727,2,5700,HOU@JAC,HOU,JAC,,,,,,RB/FLEX
120542-69213,WR,Michael,Michael Pittman Jr.,Pittman Jr.,11.5,2,5700,IND@TEN,IND,TEN,,,,,,WR/FLEX
120542-110457,WR,Dontayvion,Dontayvion Wicks,Wicks,5.199999809265137,2,5700,GB@CLE,GB,CLE,,,,,,WR/FLEX
120542-170287,WR,Rashid,Rashid Shaheed,Shaheed,9.75,2,5600,NO@SEA,NO,SEA,,,,,,WR/FLEX
120542-137530,TE,Tyler,Tyler Warren,Warren,10.649999618530273,2,5600,IND@TEN,IND,TEN,,,,,,TE/FLEX
120542-102796,WR,Ricky,Ricky Pearsall,Pearsall,11.5,2,5600,ARI@SF,SF,ARI,,,,,,WR/FLEX
120542-169410,RB,Quinshon,Quinshon Judkins,Judkins,8.600000381469727,1,5600,GB@CLE,CLE,GB,,,,,,RB/FLEX
120542-184184,WR,Travis,Travis Hunter,Hunter,5,2,5600,HOU@JAC,JAC,HOU,,,,,,WR/FLEX
120542-55335,TE,David,David Njoku,Njoku,5.599999904632568,2,5500,GB@CLE,CLE,GB,,,,,,TE/FLEX
120542-64555,WR,Calvin,Calvin Ridley,Ridley,5.949999809265137,2,5500,IND@TEN,TEN,IND,,,,,,WR/FLEX
120542-87432,WR,Cedric,Cedric Tillman,Tillman,11.449999809265137,2,5500,GB@CLE,CLE,GB,,,,,,WR/FLEX
120542-117178,RB,Jacory,Jacory Croskey-Merritt,Croskey-Merritt,7.949999809265137,2,5500,LV@WAS,WAS,LV,,,,,,RB/FLEX
120542-39716,WR,Adam,Adam Thielen,Thielen,2.799999952316284,2,5500,CIN@MIN,MIN,CIN,,,,,,WR/FLEX
120542-86080,TE,Kyle,Kyle Pitts Sr.,Pitts Sr.,7.550000190734863,2,5400,ATL@CAR,ATL,CAR,,,,,,TE/FLEX
120542-103619,WR,Tre,Tre Tucker,Tucker,7.900000095367432,2,5400,LV@WAS,LV,WAS,,,,,,WR/FLEX
120542-129305,WR,Josh,Josh Downs,Downs,5.150000095367432,2,5400,IND@TEN,IND,TEN,,,,,,WR/FLEX
120542-174486,RB,Dylan,Dylan Sampson,Sampson,11.350000381469727,2,5400,GB@CLE,CLE,GB,,,,,,RB/FLEX
120542-57986,WR,Hunter,Hunter Renfrow,Renfrow,11.199999809265137,2,5400,ATL@CAR,CAR,ATL,,,,,,WR/FLEX
120542-103376,RB,Zach,Zach Charbonnet,Charbonnet,5.849999904632568,2,5400,NO@SEA,SEA,NO,,,,,,RB/FLEX
120542-29780,TE,Zach,Zach Ertz,Ertz,12.75,2,5300,LV@WAS,WAS,LV,,,,,,TE/FLEX
120542-83074,TE,Dallas,Dallas Goedert,Goedert,7.900000095367432,1,5300,LAR@PHI,PHI,LAR,Q,Knee,,,,TE/FLEX
120542-86312,WR,Alec,Alec Pierce,Pierce,6.449999809265137,2,5300,IND@TEN,IND,TEN,,,,,,WR/FLEX
120542-90428,RB,Tyler,Tyler Allgeier,Allgeier,8.449999809265137,2,5300,ATL@CAR,ATL,CAR,,,,,,RB/FLEX
120542-90575,RB,Najee,Najee Harris,Harris,3.6500000953674316,2,5300,DEN@LAC,LAC,DEN,,,,,,RB/FLEX
120542-60957,WR,KaVontae,KaVontae Turpin,Turpin,8.5,2,5300,DAL@CHI,DAL,CHI,Q,Neck,,,,WR/FLEX
120542-119653,WR,Kayshon,Kayshon Boutte,Boutte,12.199999809265137,2,5300,PIT@NE,NE,PIT,,,,,,WR/FLEX
120542-152647,RB,TreVeyon,TreVeyon Henderson,Henderson,6.550000190734863,2,5200,PIT@NE,NE,PIT,,,,,,RB/FLEX
120542-151903,WR,Troy,Troy Franklin,Franklin,13.199999809265137,2,5200,DEN@LAC,DEN,LAC,,,,,,WR/FLEX
120542-89680,TE,Jake,Jake Ferguson,Ferguson,8.550000190734863,2,5200,DAL@CHI,DAL,CHI,,,,,,TE/FLEX
120542-62055,WR,Ray-Ray,Ray-Ray McCloud III,McCloud III,3.299999952316284,2,5200,ATL@CAR,ATL,CAR,,,,,,WR/FLEX
120542-172699,TE,Harold,Harold Fannin Jr.,Fannin Jr.,8.699999809265137,2,5200,GB@CLE,CLE,GB,,,,,,TE/FLEX
120542-137902,RB,Rachaad,Rachaad White,White,7.849999904632568,2,5200,NYJ@TB,TB,NYJ,,,,,,RB/FLEX
120542-90870,WR,Calvin,Calvin Austin III,Austin III,8.850000381469727,2,5200,PIT@NE,PIT,NE,,,,,,WR/FLEX
120542-160620,RB,Bhayshul,Bhayshul Tuten,Tuten,7.75,2,5200,HOU@JAC,JAC,HOU,,,,,,RB/FLEX
120542-120093,WR,Marvin,Marvin Mims Jr.,Mims Jr.,5.050000190734863,2,5100,DEN@LAC,DEN,LAC,,,,,,WR/FLEX
120542-90562,RB,Brian,Brian Robinson Jr.,Robinson Jr.,3.299999952316284,2,5100,ARI@SF,SF,ARI,,,,,,RB/FLEX
120542-142042,RB,Trey,Trey Benson,Benson,7.199999809265137,2,5100,ARI@SF,ARI,SF,,,,,,RB/FLEX
120542-86811,TE,Cade,Cade Otton,Otton,2,2,5100,NYJ@TB,TB,NYJ,,,,,,TE/FLEX
120542-172861,WR,Elic,Elic Ayomanor,Ayomanor,7.949999809265137,2,5100,IND@TEN,TEN,IND,,,,,,WR/FLEX
120542-147315,WR,Jayden,Jayden Higgins,Higgins,3.75,2,5100,HOU@JAC,HOU,JAC,,,,,,WR/FLEX
120542-110484,RB,RJ,RJ Harvey,Harvey,5.150000095367432,2,5100,DEN@LAC,DEN,LAC,,,,,,RB/FLEX
120542-48116,TE,Jonnu,Jonnu Smith,Smith,7.349999904632568,2,5100,PIT@NE,PIT,NE,,,,,,TE/FLEX
120542-71705,TE,Noah,Noah Fant,Fant,7.449999809265137,2,5000,CIN@MIN,CIN,MIN,,,,,,TE/FLEX
120542-103587,TE,Brenton,Brenton Strange,Strange,5.550000190734863,2,5000,HOU@JAC,JAC,HOU,,,,,,TE/FLEX
120542-86244,TE,Pat,Pat Freiermuth,Freiermuth,4.449999809265137,2,5000,PIT@NE,PIT,NE,,,,,,TE/FLEX
120542-12533,D,Green Bay,Green Bay Packers,Packers,7.5,2,5000,GB@CLE,GB,CLE,,,,,,DEF
120542-56648,RB,Jeremy,Jeremy McNichols,McNichols,2.5,1,5000,LV@WAS,WAS,LV,,,,,,RB/FLEX
120542-93538,WR,Dyami,Dyami Brown,Brown,11.199999809265137,2,5000,HOU@JAC,JAC,HOU,,,,,,WR/FLEX
120542-60858,WR,Christian,Christian Kirk,Kirk,7.175000190734863,8,5000,HOU@JAC,HOU,JAC,Q,Hamstring,,,,WR/FLEX
120542-89612,WR,Michael,Michael Wilson,Wilson,4.300000190734863,2,5000,ARI@SF,ARI,SF,,,,,,WR/FLEX
120542-158412,RB,Braelon,Braelon Allen,Allen,4,2,5000,NYJ@TB,NYJ,TB,,,,,,RB/FLEX
120542-90912,RB,Kenneth,Kenneth Gainwell,Gainwell,4.449999809265137,2,5000,PIT@NE,PIT,NE,,,,,,RB/FLEX
120542-64496,WR,Olamide,Olamide Zaccheaus,Zaccheaus,4.650000095367432,2,5000,DAL@CHI,CHI,DAL,,,,,,WR/FLEX
120542-86055,RB,Dameon,Dameon Pierce,Pierce,0.5,1,4900,HOU@JAC,HOU,JAC,,,,,,RB/FLEX
120542-151909,WR,Dont'e,Dont'e Thornton Jr.,Thornton Jr.,4,2,4900,LV@WAS,LV,WAS,,,,,,WR/FLEX
120542-90533,RB,Jerome,Jerome Ford,Ford,4.449999809265137,2,4900,GB@CLE,CLE,GB,,,,,,RB/FLEX
120542-73176,TE,Luke,Luke Farrell,Farrell,4.699999809265137,2,4900,ARI@SF,SF,ARI,,,,,,TE/FLEX
120542-88548,WR,Jalen,Jalen Tolbert,Tolbert,1.5499999523162842,2,4900,DAL@CHI,DAL,CHI,,,,,,WR/FLEX
120542-92859,WR,Jalen,Jalen Nailor,Nailor,3.950000047683716,2,4900,CIN@MIN,MIN,CIN,,,,,,WR/FLEX
120542-144102,RB,Kyle,Kyle Monangai,Monangai,2.8499999046325684,2,4900,DAL@CHI,CHI,DAL,,,,,,RB/FLEX
120542-138998,TE,Michael,Michael Mayer,Mayer,3.8499999046325684,2,4900,LV@WAS,LV,WAS,,,,,,TE/FLEX
120542-55042,TE,Dalton,Dalton Schultz,Schultz,4.349999904632568,2,4900,HOU@JAC,HOU,JAC,,,,,,TE/FLEX
120542-27477,WR,Sterling,Sterling Shepard,Shepard,5.400000095367432,2,4900,NYJ@TB,TB,NYJ,,,,,,WR/FLEX
120542-28744,RB,Raheem,Raheem Mostert,Mostert,4.723077040452224,13,4800,LV@WAS,LV,WAS,,,,,,RB/FLEX
120542-103511,WR,Devaughn,Devaughn Vele,Vele,4.300000190734863,2,4800,NO@SEA,NO,SEA,,,,,,WR/FLEX
120542-71845,RB,Miles,Miles Sanders,Sanders,6.199999809265137,2,4800,DAL@CHI,DAL,CHI,,,,,,RB/FLEX
120542-185593,WR,Andrei,Andrei Iosivas,Iosivas,1.7000000476837158,1,4800,CIN@MIN,CIN,MIN,,,,,,WR/FLEX
120542-12550,D,Seattle,Seattle Seahawks,Seahawks,12,2,4800,NO@SEA,SEA,NO,,,,,,DEF
120542-91467,TE,Jake,Jake Tonges,Tonges,7.050000190734863,2,4800,ARI@SF,SF,ARI,,,,,,TE/FLEX
120542-27050,WR,Tyler,Tyler Lockett,Lockett,0.949999988079071,2,4800,IND@TEN,TEN,IND,,,,,,WR/FLEX
120542-137967,RB,Blake,Blake Corum,Corum,6.25,2,4800,LAR@PHI,LAR,PHI,,,,,,RB/FLEX
120542-40845,TE,Hunter,Hunter Henry,Henry,5,2,4800,PIT@NE,NE,PIT,,,,,,TE/FLEX
120542-41872,TE,Evan,Evan Engram,Engram,2.6500000953674316,2,4800,DEN@LAC,DEN,LAC,,,,,,TE/FLEX
120542-91047,TE,Cole,Cole Kmet,Kmet,3.75,2,4800,DAL@CHI,CHI,DAL,,,,,,TE/FLEX
120542-56248,WR,Noah,Noah Brown,Brown,2.549999952316284,2,4800,LV@WAS,WAS,LV,Q,Groin,,,,WR/FLEX
120542-60451,TE,Tyler,Tyler Conklin,Conklin,6.199999809265137,1,4700,DEN@LAC,LAC,DEN,,,,,,TE/FLEX
120542-86229,WR,Jahan,Jahan Dotson,Dotson,4.150000095367432,2,4700,LAR@PHI,PHI,LAR,,,,,,WR/FLEX
120542-88297,TE,Chig,Chig Okonkwo,Okonkwo,4.449999809265137,2,4700,IND@TEN,TEN,IND,,,,,,TE/FLEX
120542-12535,D,Indianapolis,Indianapolis Colts,Colts,7,2,4700,IND@TEN,IND,TEN,,,,,,DEF
120542-137516,WR,Parker,Parker Washington,Washington,5.050000190734863,2,4700,HOU@JAC,JAC,HOU,,,,,,WR/FLEX
120542-80289,WR,Kendrick,Kendrick Bourne,Bourne,4.699999809265137,1,4700,ARI@SF,SF,ARI,,,,,,WR/FLEX
120542-91578,RB,Zamir,Zamir White,White,1.5499999523162842,2,4700,LV@WAS,LV,WAS,,,,,,RB/FLEX
120542-114198,WR,Xavier,Xavier Legette,Legette,1.399999976158142,2,4700,ATL@CAR,CAR,ATL,,,,,,WR/FLEX
120542-72297,RB,Rico,Rico Dowdle,Dowdle,2.5,2,4700,ATL@CAR,CAR,ATL,,,,,,RB/FLEX
120542-47870,TE,Tyler,Tyler Higbee,Higbee,5.699999809265137,1,4700,LAR@PHI,LAR,PHI,,,,,,TE/FLEX
120542-53097,WR,Josh,Josh Reynolds,Reynolds,2.799999952316284,1,4700,NYJ@TB,NYJ,TB,Q,Hamstring,,,,WR/FLEX
120542-152520,RB,Will,Will Shipley,Shipley,2.5999999046325684,1,4700,LAR@PHI,PHI,LAR,Q,Oblique,,,,RB/FLEX
120542-129112,WR,Chimere,Chimere Dike,Dike,1.350000023841858,2,4600,IND@TEN,TEN,IND,,,,,,WR/FLEX
120542-68712,WR,Tyler,Tyler Johnson,Johnson,2.049999952316284,2,4600,NYJ@TB,NYJ,TB,,,,,,WR/FLEX
120542-12547,D,Pittsburgh,Pittsburgh Steelers,Steelers,4,2,4600,PIT@NE,PIT,NE,,,,,,DEF
120542-111876,WR,DeMario,DeMario Douglas,Douglas,4.25,2,4600,PIT@NE,NE,PIT,,,,,,WR/FLEX
120542-158983,TE,Ja'Tavion,Ja'Tavion Sanders,Sanders,6.300000190734863,2,4600,ATL@CAR,CAR,ATL,,,,,,TE/FLEX
120542-56708,TE,Will,Will Dissly,Dissly,1.75,2,4600,DEN@LAC,LAC,DEN,,,,,,TE/FLEX
120542-155293,RB,DJ,DJ Giddens,Giddens,2.049999952316284,2,4600,IND@TEN,IND,TEN,,,,,,RB/FLEX
120542-128693,RB,Tank,Tank Bigsby,Bigsby,1.2000000476837158,1,4600,LAR@PHI,PHI,LAR,,,,,,RB/FLEX
120542-134837,WR,Tory,Tory Horton,Horton,5.099999904632568,2,4600,NO@SEA,SEA,NO,,,,,,WR/FLEX
120542-137953,TE,AJ,AJ Barner,Barner,5.25,2,4600,NO@SEA,SEA,NO,,,,,,TE/FLEX
120542-103195,WR,Jordan,Jordan Whittington,Whittington,2.8499999046325684,2,4600,LAR@PHI,LAR,PHI,,,,,,WR/FLEX
120542-120657,RB,Kendre,Kendre Miller,Miller,1.9500000476837158,2,4600,NO@SEA,NO,SEA,,,,,,RB/FLEX
120542-87127,RB,Chris,Chris Rodriguez Jr.,Rodriguez Jr.,5.166666666666667,6,4500,LV@WAS,WAS,LV,,,,,,RB/FLEX
120542-168054,TE,Mason,Mason Taylor,Taylor,1.75,2,4500,NYJ@TB,NYJ,TB,,,,,,TE/FLEX
120542-28827,RB,Dare,Dare Ogunbowale,Ogunbowale,1.600000023841858,1,4500,HOU@JAC,HOU,JAC,,,,,,RB/FLEX
120542-166092,WR,Luther,Luther Burden III,Burden III,0.6000000238418579,2,4500,DAL@CHI,CHI,DAL,,,,,,WR/FLEX
120542-151789,WR,Adonai,Adonai Mitchell,Mitchell,3.049999952316284,2,4500,IND@TEN,IND,TEN,,,,,,WR/FLEX
120542-12545,D,Philadelphia,Philadelphia Eagles,Eagles,4,2,4500,LAR@PHI,PHI,LAR,,,,,,DEF
120542-86682,TE,Grant,Grant Calcaterra,Calcaterra,1.100000023841858,1,4500,LAR@PHI,PHI,LAR,,,,,,TE/FLEX
120542-166588,TE,Colston,Colston Loveland,Loveland,1.100000023841858,2,4500,DAL@CHI,CHI,DAL,,,,,,TE/FLEX
120542-128765,RB,Nathan,Nathan Carter,Carter,,0,4500,ATL@CAR,ATL,CAR,,,,,,RB/FLEX
120542-92976,WR,Tutu,Tutu Atwell,Atwell,0.44999998807907104,2,4500,LAR@PHI,LAR,PHI,,,,,,WR/FLEX
120542-29501,WR,Brandin,Brandin Cooks,Cooks,3.8499999046325684,2,4500,NO@SEA,NO,SEA,,,,,,WR/FLEX
120542-56265,TE,Mike,Mike Gesicki,Gesicki,2.5999999046325684,2,4500,CIN@MIN,CIN,MIN,,,,,,TE/FLEX
120542-119788,WR,Xavier,Xavier Hutchinson,Hutchinson,4.199999809265137,2,4500,HOU@JAC,HOU,JAC,,,,,,WR/FLEX
120542-103547,WR,Luke,Luke McCaffrey,McCaffrey,2.200000047683716,2,4400,LV@WAS,WAS,LV,,,,,,WR/FLEX
120542-40126,TE,Austin,Austin Hooper,Hooper,3.4000000953674316,2,4400,PIT@NE,NE,PIT,,,,,,TE/FLEX
120542-12552,D,Washington,Washington Commanders,Commanders,5.5,2,4400,LV@WAS,WAS,LV,,,,,,DEF
120542-102696,WR,John,John Metchie III,Metchie III,0.25,2,4400,LAR@PHI,PHI,LAR,,,,,,WR/FLEX
120542-91488,RB,Chris,Chris Brooks,Brooks,2.5,2,4400,GB@CLE,GB,CLE,,,,,,RB/FLEX
120542-71143,TE,Kylen,Kylen Granson,Granson,0.800000011920929,2,4400,LAR@PHI,PHI,LAR,,,,,,TE/FLEX
120542-138774,RB,Woody,Woody Marks,Marks,2.950000047683716,2,4400,HOU@JAC,HOU,JAC,,,,,,RB/FLEX
120542-25267,WR,Mack,Mack Hollins,Hollins,4.050000190734863,2,4400,PIT@NE,NE,PIT,,,,,,WR/FLEX
120542-71351,TE,Charlie,Charlie Woerner,Woerner,0,1,4400,ATL@CAR,ATL,CAR,,,,,,TE/FLEX
120542-40647,WR,Marquez,Marquez Valdes-Scantling,Valdes-Scantling,0,1,4400,ARI@SF,SF,ARI,,,,,,WR/FLEX
120542-90933,RB,Antonio,Antonio Gibson,Gibson,4.800000190734863,2,4400,PIT@NE,NE,PIT,,,,,,RB/FLEX
120542-120642,WR,Savion,Savion Williams,Williams,1.5,2,4400,GB@CLE,GB,CLE,,,,,,WR/FLEX
120542-137059,RB,Sean,Sean Tucker,Tucker,0.10000000149011612,2,4400,NYJ@TB,TB,NYJ,,,,,,RB/FLEX
120542-151741,WR,Jack,Jack Bech,Bech,2.799999952316284,1,4300,LV@WAS,LV,WAS,,,,,,WR/FLEX
120542-170184,RB,Julius,Julius Chestnut,Chestnut,0.20000000298023224,1,4300,IND@TEN,TEN,IND,,,,,,RB/FLEX
120542-130270,TE,Adam,Adam Trautman,Trautman,4.75,2,4300,DEN@LAC,DEN,LAC,,,,,,TE/FLEX
120542-52451,RB,Samaje,Samaje Perine,Perine,0.800000011920929,2,4300,CIN@MIN,CIN,MIN,,,,,,RB/FLEX
120542-12531,D,Denver,Denver Broncos,Broncos,7,2,4300,DEN@LAC,DEN,LAC,,,,,,DEF
120542-91417,TE,Luke,Luke Schoonmaker,Schoonmaker,0,2,4300,DAL@CHI,DAL,CHI,,,,,,TE/FLEX
120542-85306,WR,KhaDarel,KhaDarel Hodge,Hodge,0,1,4300,ATL@CAR,ATL,CAR,,,,,,WR/FLEX
120542-87371,RB,Ty,Ty Chandler,Chandler,0,1,4300,CIN@MIN,MIN,CIN,IR,Knee,,,,RB/FLEX
120542-185861,RB,Emanuel,Emanuel Wilson,Wilson,0.20000000298023224,2,4300,GB@CLE,GB,CLE,,,,,,RB/FLEX
120542-129546,WR,Tre',Tre' Harris,Harris,3,2,4300,DEN@LAC,LAC,DEN,,,,,,WR/FLEX
120542-138786,WR,Malik,Malik Heath,Heath,4.199999809265137,1,4300,GB@CLE,GB,CLE,,,,,,WR/FLEX
120542-102986,TE,Elijah,Elijah Higgins,Higgins,3.1500000953674316,2,4300,ARI@SF,ARI,SF,,,,,,TE/FLEX
120542-113228,TE,Luke,Luke Musgrave,Musgrave,2.549999952316284,2,4300,GB@CLE,GB,CLE,,,,,,TE/FLEX
120542-128624,WR,Tez,Tez Johnson,Johnson,0,1,4300,NYJ@TB,TB,NYJ,,,,,,WR/FLEX
120542-94887,RB,Tyler,Tyler Badie,Badie,2.9000000953674316,2,4300,DEN@LAC,DEN,LAC,,,,,,RB/FLEX
120542-152258,TE,Elijah,Elijah Arroyo,Arroyo,2.6500000953674316,2,4300,NO@SEA,SEA,NO,,,,,,TE/FLEX
120542-87815,TE,Jeremy,Jeremy Ruckert,Ruckert,4.800000190734863,2,4300,NYJ@TB,NYJ,TB,,,,,,TE/FLEX
120542-103187,RB,Roschon,Roschon Johnson,Johnson,5.783333460489909,12,4300,DAL@CHI,CHI,DAL,,,,,,RB/FLEX
120542-166749,RB,LeQuint,LeQuint Allen Jr.,Allen Jr.,1.4500000476837158,2,4300,HOU@JAC,JAC,HOU,,,,,,RB/FLEX
120542-128912,WR,Mitchell,Mitchell Tinsley,Tinsley,7.800000190734863,1,4300,CIN@MIN,CIN,MIN,,,,,,WR/FLEX
120542-70601,TE,Harrison,Harrison Bryant,Bryant,0,1,4300,HOU@JAC,HOU,JAC,,,,,,TE/FLEX
120542-128986,WR,Jaylin,Jaylin Lane,Lane,1.149999976158142,2,4300,LV@WAS,WAS,LV,,,,,,WR/FLEX
120542-91101,TE,Tommy,Tommy Tremble,Tremble,2.0999999046325684,2,4300,ATL@CAR,CAR,ATL,,,,,,TE/FLEX
120542-64581,WR,Van,Van Jefferson,Jefferson,2,1,4200,IND@TEN,TEN,IND,,,,,,WR/FLEX
120542-83083,WR,Justin,Justin Watson,Watson,2.25,2,4200,HOU@JAC,HOU,JAC,,,,,,WR/FLEX
120542-112780,WR,Jamari,Jamari Thrash,Thrash,1.0499999523162842,2,4200,GB@CLE,CLE,GB,,,,,,WR/FLEX
120542-174245,WR,Isaiah,Isaiah Bond,Bond,1.5,2,4200,GB@CLE,CLE,GB,,,,,,WR/FLEX
120542-105648,RB,Tyler,Tyler Goodson,Goodson,3.241666793823242,12,4200,IND@TEN,IND,TEN,Q,Elbow,,,,RB/FLEX
120542-93391,TE,Payne,Payne Durham,Durham,0,1,4200,NYJ@TB,TB,NYJ,,,,,,TE/FLEX
120542-12540,D,Minnesota,Minnesota Vikings,Vikings,5,2,4200,CIN@MIN,MIN,CIN,,,,,,DEF
120542-133478,WR,Arian,Arian Smith,Smith,0.15000000596046448,2,4200,NYJ@TB,NYJ,TB,,,,,,WR/FLEX
120542-94621,WR,Derius,Derius Davis,Davis,0.15000000596046448,2,4200,DEN@LAC,LAC,DEN,,,,,,WR/FLEX
120542-63907,TE,Josh,Josh Oliver,Oliver,1,1,4200,CIN@MIN,MIN,CIN,,,,,,TE/FLEX
120542-102831,TE,Davis,Davis Allen,Allen,7.550000190734863,2,4200,LAR@PHI,LAR,PHI,,,,,,TE/FLEX
120542-112062,WR,Skyy,Skyy Moore,Moore,0,2,4200,ARI@SF,SF,ARI,,,,,,WR/FLEX
120542-71105,WR,Ben,Ben Skowronek,Skowronek,8.699999809265137,1,4200,PIT@NE,PIT,NE,,,,,,WR/FLEX
120542-152007,WR,Jaylin,Jaylin Noel,Noel,0.6000000238418579,2,4200,HOU@JAC,HOU,JAC,,,,,,WR/FLEX
120542-89627,WR,Brycen,Brycen Tremayne,Tremayne,6.300000190734863,1,4200,ATL@CAR,CAR,ATL,,,,,,WR/FLEX
120542-89644,RB,Isaac,Isaac Guerendo,Guerendo,0,2,4200,ARI@SF,SF,ARI,,,,,,RB/FLEX
120542-152148,TE,Gunnar,Gunnar Helm,Helm,2,2,4200,IND@TEN,TEN,IND,,,,,,TE/FLEX
120542-57091,WR,Tim,Tim Patrick,Patrick,0,1,4200,HOU@JAC,JAC,HOU,,,,,,WR/FLEX
120542-85842,TE,Brevyn,Brevyn Spann-Ford,Spann-Ford,0.4000000059604645,2,4200,DAL@CHI,DAL,CHI,,,,,,TE/FLEX
120542-93075,TE,Hunter,Hunter Long,Long,7.099999904632568,1,4200,HOU@JAC,JAC,HOU,,,,,,TE/FLEX
120542-93107,RB,A.J.,A.J. Dillon,Dillon,1.4500000476837158,2,4200,LAR@PHI,PHI,LAR,,,,,,RB/FLEX
120542-69558,WR,Greg,Greg Dortch,Dortch,0.949999988079071,2,4200,ARI@SF,ARI,SF,,,,,,WR/FLEX
120542-24533,TE,Mo,Mo Alie-Cox,Alie-Cox,1.899999976158142,2,4200,IND@TEN,IND,TEN,,,,,,TE/FLEX
120542-168916,RB,Kaleb,Kaleb Johnson,Johnson,-1.0499999523162842,2,4200,PIT@NE,PIT,NE,,,,,,RB/FLEX
120542-152537,WR,Tai,Tai Felton,Felton,,0,4200,CIN@MIN,MIN,CIN,,,,,,WR/FLEX
120542-137265,TE,Ben,Ben Sinnott,Sinnott,1.2000000476837158,1,4100,LV@WAS,WAS,LV,,,,,,TE/FLEX
120542-86075,TE,Lucas,Lucas Krull,Krull,1.100000023841858,1,4100,DEN@LAC,DEN,LAC,,,,,,TE/FLEX
120542-133180,TE,Ben,Ben Yurosek,Yurosek,,0,4100,CIN@MIN,MIN,CIN,,,,,,TE/FLEX
120542-79987,WR,David,David Moore,Moore,0,1,4100,ATL@CAR,CAR,ATL,,,,,,WR/FLEX
120542-61555,WR,David,David Sills V,Sills V,,0,4100,ATL@CAR,ATL,CAR,,,,,,WR/FLEX
120542-95370,TE,Ryan,Ryan Miller,Miller,4.25,2,4100,NYJ@TB,TB,NYJ,,,,,,TE/FLEX
120542-91361,RB,Hassan,Hassan Haskins,Haskins,0,2,4100,DEN@LAC,LAC,DEN,,,,,,RB/FLEX
120542-12549,D,San Francisco,San Francisco 49ers,49ers,7,2,4100,ARI@SF,SF,ARI,,,,,,DEF
120542-136538,WR,Kyle,Kyle Williams,Williams,1.7000000476837158,1,4100,PIT@NE,NE,PIT,,,,,,WR/FLEX
120542-41305,WR,Zay,Zay Jones,Jones,0.8999999761581421,1,4100,ARI@SF,ARI,SF,,,,,,WR/FLEX
120542-154971,RB,Devin,Devin Neal,Neal,0.8999999761581421,1,4100,NO@SEA,NO,SEA,,,,,,RB/FLEX
120542-133477,TE,Darnell,Darnell Washington,Washington,2,1,4100,PIT@NE,PIT,NE,,,,,,TE/FLEX
120542-94579,RB,Emari,Emari Demercado,Demercado,0,1,4100,ARI@SF,ARI,SF,,,,,,RB/FLEX
120542-71032,WR,Devin,Devin Duvernay,Duvernay,0,2,4100,DAL@CHI,CHI,DAL,,,,,,WR/FLEX
120542-56711,TE,Drew,Drew Sample,Sample,0.6000000238418579,2,4100,CIN@MIN,CIN,MIN,,,,,,TE/FLEX
120542-160213,RB,Isaiah,Isaiah Davis,Davis,1.4500000476837158,2,4100,NYJ@TB,NYJ,TB,,,,,,RB/FLEX
120542-91618,TE,John,John FitzPatrick,FitzPatrick,0.699999988079071,1,4100,GB@CLE,GB,CLE,,,,,,TE/FLEX
120542-56809,WR,Allen,Allen Lazard,Lazard,9.208333333333334,12,4100,NYJ@TB,NYJ,TB,,,,,,WR/FLEX
120542-39428,RB,Kyle,Kyle Juszczyk,Juszczyk,2.5999999046325684,2,4100,ARI@SF,SF,ARI,Q,Concussion,,,,RB/FLEX
120542-226859,WR,Darius,Darius Cooper,Cooper,,0,4100,LAR@PHI,PHI,LAR,,,,,,WR/FLEX
120542-114231,RB,George,George Holani,Holani,0,1,4100,NO@SEA,SEA,NO,,,,,,RB/FLEX
120542-172646,RB,Trevor,Trevor Etienne,Etienne,0.550000011920929,2,4100,ATL@CAR,CAR,ATL,,,,,,RB/FLEX
120542-71352,WR,Mecole,Mecole Hardman,Hardman,2.0923077509953427,13,4100,GB@CLE,GB,CLE,,,,,,WR/FLEX
120542-56059,WR,Trent,Trent Sherfield Sr.,Sherfield Sr.,0.800000011920929,2,4100,DEN@LAC,DEN,LAC,,,,,,WR/FLEX
120542-157438,WR,Jimmy,Jimmy Horn Jr.,Horn Jr.,,0,4100,ATL@CAR,CAR,ATL,,,,,,WR/FLEX
120542-128805,WR,KeAndre,KeAndre Lambert-Smith,Lambert-Smith,0,1,4100,DEN@LAC,LAC,DEN,,,,,,WR/FLEX
120542-138037,WR,Roman,Roman Wilson,Wilson,1.2000000476837158,1,4100,PIT@NE,PIT,NE,,,,,,WR/FLEX
120542-155551,WR,Pat,Pat Bryant,Bryant,2.799999952316284,1,4100,DEN@LAC,DEN,LAC,,,,,,WR/FLEX
120542-137139,WR,Myles,Myles Price,Price,-1,2,4100,CIN@MIN,MIN,CIN,,,,,,WR/FLEX
120542-93150,WR,Jake,Jake Bobo,Bobo,2.109090978449041,11,4100,NO@SEA,SEA,NO,,,,,,WR/FLEX
120542-72705,TE,John,John Bates,Bates,1.1538461538461537,13,4000,LV@WAS,WAS,LV,Q,Groin,,,,TE/FLEX
120542-70661,WR,Velus,Velus Jones Jr.,Jones Jr.,0,1,4000,NO@SEA,NO,SEA,,,,,,WR/FLEX
120542-92166,WR,Marcus,Marcus Jones,Jones,0,2,4000,PIT@NE,NE,PIT,,,,,,WR/FLEX
120542-90123,TE,Quintin,Quintin Morris,Morris,2.4200000762939453,5,4000,HOU@JAC,JAC,HOU,,,,,,TE/FLEX
120542-226319,WR,Junior,Junior Bergen,Bergen,,0,4000,ARI@SF,SF,ARI,,,,,,WR/FLEX
120542-72725,TE,Irv,Irv Smith Jr.,Smith Jr.,0.699999988079071,1,4000,HOU@JAC,HOU,JAC,IR,Ankle,,,,TE/FLEX
120542-111637,TE,Cade,Cade Stover,Stover,4.199999809265137,1,4000,HOU@JAC,HOU,JAC,IR,Foot,,,,TE/FLEX
120542-110617,WR,Isaiah,Isaiah Neyor,Neyor,,0,4000,GB@CLE,GB,CLE,,,,,,WR/FLEX
120542-110616,TE,Treyton,Treyton Welch,Welch,,0,4000,NO@SEA,NO,SEA,,,,,,TE/FLEX
120542-86047,RB,Malik,Malik Davis,Davis,,0,4000,DAL@CHI,DAL,CHI,,,,,,RB/FLEX
120542-137254,RB,Deuce,Deuce Vaughn,Vaughn,1.7166666984558105,6,4000,DEN@LAC,DEN,LAC,,,,,,RB/FLEX
120542-138277,WR,Jalen,Jalen Brooks,Brooks,2.284615443303035,13,4000,DAL@CHI,DAL,CHI,,,,,,WR/FLEX
120542-154661,WR,Michael,Michael Bandy,Bandy,,0,4000,DEN@LAC,DEN,LAC,,,,,,WR/FLEX
120542-88109,RB,Gary,Gary Brightwell,Brightwell,0,1,4000,CIN@MIN,CIN,MIN,,,,,,RB/FLEX
120542-129081,RB,Ahmani,Ahmani Marshall,Marshall,,0,4000,GB@CLE,CLE,GB,,,,,,RB/FLEX
120542-42046,TE,Durham,Durham Smythe,Smythe,0.7538461685180664,13,4000,DAL@CHI,CHI,DAL,,,,,,TE/FLEX
120542-87109,WR,Bryce,Bryce Oliver,Oliver,1.2999999523162842,1,4000,IND@TEN,TEN,IND,Q,Knee,,,,WR/FLEX
120542-174148,RB,Carlos,Carlos Washington Jr.,Washington Jr.,,0,4000,ATL@CAR,ATL,CAR,,,,,,RB/FLEX
120542-165962,TE,Nikola,Nikola Kalinic,Kalinic,,0,4000,DAL@CHI,CHI,DAL,,,,,,TE/FLEX
120542-112715,WR,Joshua,Joshua Cephus,Cephus,,0,4000,HOU@JAC,JAC,HOU,IR,Undisclosed,,,,WR/FLEX
120542-87117,TE,Brenden,Brenden Bates,Bates,0,1,4000,GB@CLE,CLE,GB,,,,,,TE/FLEX
120542-103506,TE,Nick,Nick Kallerup,Kallerup,,0,4000,NO@SEA,SEA,NO,,,,,,TE/FLEX
120542-65627,WR,Maurice,Maurice Alexander,Alexander,0,1,4000,DAL@CHI,CHI,DAL,,,,,,WR/FLEX
120542-89185,TE,Ben,Ben Sims,Sims,1.2399999618530273,5,4000,GB@CLE,GB,CLE,,,,,,TE/FLEX
120542-114787,RB,Terrell,Terrell Jennings,Jennings,1.649999976158142,2,4000,PIT@NE,NE,PIT,,,,,,RB/FLEX
120542-169067,TE,Bryce,Bryce Pierre,Pierre,,0,4000,ATL@CAR,CAR,ATL,,,,,,TE/FLEX
120542-79979,WR,Jamal,Jamal Agnew,Agnew,0,1,4000,ATL@CAR,ATL,CAR,Q,Groin,,,,WR/FLEX
120542-68714,TE,Ko,Ko Kieft,Kieft,0,1,4000,NYJ@TB,TB,NYJ,,,,,,TE/FLEX
120542-86125,WR,Brandon,Brandon Smith,Smith,,0,4000,NYJ@TB,NYJ,TB,,,,,,WR/FLEX
120542-79980,TE,Eric,Eric Saubert,Saubert,2.6500000953674316,8,4000,NO@SEA,SEA,NO,,,,,,TE/FLEX
120542-64634,WR,Alex,Alex Bachman,Bachman,0,2,4000,LV@WAS,LV,WAS,,,,,,WR/FLEX
120542-68730,TE,Sean,Sean McKeon,McKeon,,0,4000,IND@TEN,IND,TEN,,,,,,TE/FLEX
120542-80001,RB,Austin,Austin Ekeler,Ekeler,5.300000190734863,2,4000,LV@WAS,WAS,LV,IR,Achilles,,,,RB/FLEX
120542-87179,TE,Thomas,Thomas Yassmin,Yassmin,,0,4000,DEN@LAC,LAC,DEN,,,,,,TE/FLEX
120542-143509,TE,Caleb,Caleb Lohner,Lohner,,0,4000,DEN@LAC,DEN,LAC,,,,,,TE/FLEX
120542-54426,TE,Andrew,Andrew Beck,Beck,0,2,4000,NYJ@TB,NYJ,TB,,,,,,TE/FLEX
120542-63646,TE,Lawrence,Lawrence Cager,Cager,,0,4000,LV@WAS,WAS,LV,,,,,,TE/FLEX
120542-135325,TE,Rivaldo,Rivaldo Fairweather,Fairweather,,0,4000,DAL@CHI,DAL,CHI,,,,,,TE/FLEX
120542-62628,WR,DeAndre,DeAndre Carter,Carter,0,2,4000,GB@CLE,CLE,GB,Q,Concussion,,,,WR/FLEX
120542-83117,TE,Tanner,Tanner Hudson,Hudson,3.2222222222222223,9,4000,CIN@MIN,CIN,MIN,,,,,,TE/FLEX
120542-151726,TE,Robbie,Robbie Ouzts,Ouzts,,0,4000,NO@SEA,SEA,NO,,,,,,TE/FLEX
120542-201903,WR,Coleman,Coleman Owen,Owen,,0,4000,IND@TEN,IND,TEN,,,,,,WR/FLEX
120542-52409,RB,Jakob,Jakob Johnson,Johnson,,0,4000,HOU@JAC,HOU,JAC,,,,,,RB/FLEX
120542-86203,WR,Justin,Justin Shorter,Shorter,0,1,4000,LV@WAS,LV,WAS,,,,,,WR/FLEX
120542-151737,TE,E.J.,E.J. Jenkins,Jenkins,2.3999999364217124,3,4000,LAR@PHI,PHI,LAR,,,,,,TE/FLEX
120542-131266,RB,Lan,Lan Larison,Larison,,0,4000,PIT@NE,NE,PIT,IR,Foot,,,,RB/FLEX
120542-70859,TE,Albert,Albert Okwuegbunam Jr.,Okwuegbunam Jr.,,0,4000,LV@WAS,LV,WAS,,,,,,TE/FLEX
120542-166095,RB,Cody,Cody Schrader,Schrader,0.4666666587193807,3,4000,HOU@JAC,JAC,HOU,,,,,,RB/FLEX
120542-104661,TE,Patrick,Patrick Herbert,Herbert,,0,4000,HOU@JAC,JAC,HOU,,,,,,TE/FLEX
120542-25813,WR,Phillip,Phillip Dorsett II,Dorsett II,,0,4000,LV@WAS,LV,WAS,,,,,,WR/FLEX
120542-166106,RB,Damien,Damien Martinez,Martinez,,0,4000,NO@SEA,SEA,NO,,,,,,RB/FLEX
120542-129240,WR,Tyler,Tyler Scott,Scott,0.2,5,4000,IND@TEN,IND,TEN,,,,,,WR/FLEX
120542-95455,WR,D.J.,D.J. Montgomery,Montgomery,,0,4000,IND@TEN,IND,TEN,IR,Undisclosed,,,,WR/FLEX
120542-226525,WR,Chandler,Chandler Brayboy,Brayboy,,0,4000,HOU@JAC,JAC,HOU,,,,,,WR/FLEX
120542-93408,WR,Rondale,Rondale Moore,Moore,,0,4000,CIN@MIN,MIN,CIN,IR,Knee,,,,WR/FLEX
120542-120035,TE,Mark,Mark Redman,Redman,,0,4000,LAR@PHI,LAR,PHI,,,,,,TE/FLEX
120542-170208,WR,Kaden,Kaden Davis,Davis,0,1,4000,GB@CLE,CLE,GB,,,,,,WR/FLEX
120542-88290,WR,Jeshaun,Jeshaun Jones,Jones,,0,4000,CIN@MIN,MIN,CIN,,,,,,WR/FLEX
120542-169185,WR,Jamaal,Jamaal Pritchett,Pritchett,,0,4000,NYJ@TB,NYJ,TB,,,,,,WR/FLEX
120542-170214,WR,Dennis,Dennis Houston,Houston,,0,4000,NYJ@TB,TB,NYJ,,,,,,WR/FLEX
120542-130276,WR,Mason,Mason Kinsey,Kinsey,0.5400000095367432,5,4000,IND@TEN,TEN,IND,,,,,,WR/FLEX
120542-120042,WR,Jalen,Jalen McMillan,McMillan,8.714285714285714,14,4000,NYJ@TB,TB,NYJ,IR,Neck,,,,WR/FLEX
120542-86255,TE,Josh,Josh Whyle,Whyle,3.11999994913737,15,4000,GB@CLE,GB,CLE,,,,,,TE/FLEX
120542-151806,RB,Raheim,Raheim Sanders,Sanders,6.300000190734863,1,4000,GB@CLE,CLE,GB,,,,,,RB/FLEX
120542-61693,TE,Danny,Danny Pinter,Pinter,0,1,4000,IND@TEN,IND,TEN,,,,,,TE/FLEX
120542-12551,D,Tampa Bay,Tampa Bay Buccaneers,Buccaneers,3,2,4000,NYJ@TB,TB,NYJ,,,,,,DEF
120542-52495,WR,Braxton,Braxton Berrios,Berrios,0,6,4000,HOU@JAC,HOU,JAC,Q,Hamstring,,,,WR/FLEX
120542-174355,WR,Jeremiah,Jeremiah Webb,Webb,,0,4000,PIT@NE,NE,PIT,,,,,,WR/FLEX
120542-110868,RB,Josh,Josh Williams,Williams,,0,4000,NYJ@TB,TB,NYJ,,,,,,RB/FLEX
120542-33047,WR,Chris,Chris Moore,Moore,3.9000000953674316,1,4000,LV@WAS,WAS,LV,,,,,,WR/FLEX
120542-64827,WR,Miles,Miles Boykin,Boykin,,0,4000,DAL@CHI,CHI,DAL,,,,,,WR/FLEX
120542-92479,TE,David,David Martin-Robinson,Martin-Robinson,0.2750000059604645,4,4000,IND@TEN,TEN,IND,,,,,,TE/FLEX
120542-86341,RB,Xazavian,Xazavian Valladay,Valladay,,0,4000,CIN@MIN,MIN,CIN,,,,,,RB/FLEX
120542-156997,WR,Tru,Tru Edwards,Edwards,,0,4000,LAR@PHI,LAR,PHI,,,,,,WR/FLEX
120542-55635,WR,Chris,Chris Godwin Jr.,Godwin Jr.,16.971429007393972,7,4000,NYJ@TB,TB,NYJ,Q,Ankle,,,,WR/FLEX
120542-89437,WR,Tim,Tim Jones,Jones,1.1199999809265138,5,4000,CIN@MIN,MIN,CIN,,,,,,WR/FLEX
120542-93539,RB,Michael,Michael Carter,Carter,10.09999974568685,3,4000,ARI@SF,ARI,SF,,,,,,RB/FLEX
120542-93540,RB,British,British Brooks,Brooks,0.20000000298023224,1,4000,HOU@JAC,HOU,JAC,,,,,,RB/FLEX
120542-151914,TE,Moliki,Moliki Matavao,Matavao,,0,4000,NO@SEA,NO,SEA,,,,,,TE/FLEX
120542-151915,TE,Terrance,Terrance Ferguson,Ferguson,,0,4000,LAR@PHI,LAR,PHI,,,,,,TE/FLEX
120542-63851,TE,Tyree,Tyree Jackson,Jackson,,0,4000,LV@WAS,WAS,LV,IR,Undisclosed,,,,TE/FLEX
120542-89455,WR,Jayden,Jayden Reed,Reed,12,1,4000,GB@CLE,GB,CLE,O,Collarbone,,,,WR/FLEX
120542-133484,WR,Jermaine,Jermaine Burton,Burton,1.587499976158142,8,4000,CIN@MIN,CIN,MIN,,,,,,WR/FLEX
120542-90483,TE,Bernhard,Bernhard Raimann,Raimann,0,1,4000,IND@TEN,IND,TEN,,,,,,TE/FLEX
120542-185728,TE,Patrick,Patrick Murtagh,Murtagh,,0,4000,DEN@LAC,DEN,LAC,,,,,,TE/FLEX
120542-94600,WR,John,John Stephens Jr.,Stephens Jr.,,0,4000,DAL@CHI,DAL,CHI,IR,Undisclosed,,,,WR/FLEX
120542-154000,WR,Konata,Konata Mumpfield,Mumpfield,,0,4000,LAR@PHI,LAR,PHI,,,,,,WR/FLEX
120542-87442,TE,Princeton,Princeton Fant,Fant,0,2,4000,DAL@CHI,DAL,CHI,,,,,,TE/FLEX
120542-43416,WR,Trent,Trent Taylor,Taylor,1.600000023841858,1,4000,ARI@SF,SF,ARI,IR,Undisclosed,,,,WR/FLEX
120542-90522,TE,Cameron,Cameron Latu,Latu,,0,4000,LAR@PHI,PHI,LAR,,,,,,TE/FLEX
120542-92573,TE,Travis,Travis Vokolek,Vokolek,0,1,4000,ARI@SF,ARI,SF,,,,,,TE/FLEX
120542-112037,WR,Casey,Casey Washington,Washington,4.800000190734863,1,4000,ATL@CAR,ATL,CAR,Q,Concussion,,,,WR/FLEX
120542-103844,WR,Nick,Nick Nash,Nash,,0,4000,ATL@CAR,ATL,CAR,,,,,,WR/FLEX
120542-60838,WR,Andre,Andre Baccellia,Baccellia,,0,4000,ARI@SF,ARI,SF,,,,,,WR/FLEX
120542-112041,WR,Isaiah,Isaiah Williams,Williams,0,1,4000,NYJ@TB,NYJ,TB,,,,,,WR/FLEX
120542-87469,TE,Jelani,Jelani Woods,Woods,,0,4000,NYJ@TB,NYJ,TB,,,,,,TE/FLEX
120542-112044,WR,Dalevon,Dalevon Campbell,Campbell,,0,4000,ATL@CAR,CAR,ATL,,,,,,WR/FLEX
120542-40371,TE,Johnny,Johnny Mundt,Mundt,0,1,4000,HOU@JAC,JAC,HOU,,,,,,TE/FLEX
120542-114109,WR,Ainias,Ainias Smith,Smith,2.839999961853027,5,4000,ATL@CAR,CAR,ATL,,,,,,WR/FLEX
120542-92606,WR,Bo,Bo Melton,Melton,1.5846154139592097,13,4000,GB@CLE,GB,CLE,Q,Shoulder,,,,WR/FLEX
120542-206276,WR,Jaden,Jaden Smith,Smith,,0,4000,NYJ@TB,TB,NYJ,IR,Undisclosed,,,,WR/FLEX
120542-26057,RB,Michael,Michael Burton,Burton,2.209090839732777,11,4000,DEN@LAC,DEN,LAC,IR,Hamstring,,,,RB/FLEX
120542-113096,WR,Xavier,Xavier Smith,Smith,2.049999952316284,2,4000,LAR@PHI,LAR,PHI,,,,,,WR/FLEX
120542-152014,WR,JP,JP Richardson,Richardson,,0,4000,DAL@CHI,CHI,DAL,,,,,,WR/FLEX
120542-109007,WR,Josh,Josh Kelly,Kelly,,0,4000,HOU@JAC,HOU,JAC,,,,,,WR/FLEX
120542-109008,WR,Jalen,Jalen Cropper,Cropper,,0,4000,DAL@CHI,DAL,CHI,,,,,,WR/FLEX
120542-54746,TE,Tyler,Tyler Ott,Ott,0,1,4000,LV@WAS,WAS,LV,,,,,,TE/FLEX
120542-157150,RB,Audric,Audric Estime,Estime,3.553846212533804,13,4000,LAR@PHI,PHI,LAR,,,,,,RB/FLEX
120542-63967,WR,Lucky,Lucky Jackson,Jackson,,0,4000,CIN@MIN,MIN,CIN,,,,,,WR/FLEX
120542-102882,WR,Anthony,Anthony Gould,Gould,0,1,4000,IND@TEN,IND,TEN,,,,,,WR/FLEX
120542-14820,RB,Nick,Nick Bellore,Bellore,0,1,4000,LV@WAS,WAS,LV,,,,,,RB/FLEX
120542-112101,WR,Jared,Jared Wayne,Wayne,0,1,4000,HOU@JAC,HOU,JAC,,,,,,WR/FLEX
120542-133615,WR,Dontae,Dontae Fleming,Fleming,,0,4000,CIN@MIN,MIN,CIN,,,,,,WR/FLEX
120542-193004,WR,Jahdae,Jahdae Walker,Walker,,0,4000,DAL@CHI,CHI,DAL,Q,Ankle,,,,WR/FLEX
120542-89586,TE,Tucker,Tucker Fisk,Fisk,1.1749999523162842,8,4000,DEN@LAC,LAC,DEN,,,,,,TE/FLEX
120542-89588,TE,Colby,Colby Parkinson,Parkinson,-1.600000023841858,1,4000,LAR@PHI,LAR,PHI,Q,Shoulder - ac joint,,,,TE/FLEX
120542-102902,WR,Trey,Trey Palmer,Palmer,2.085714340209961,14,4000,NO@SEA,NO,SEA,,,,,,WR/FLEX
120542-138746,WR,Javon,Javon Baker,Baker,0.2833333412806193,6,4000,LAR@PHI,PHI,LAR,,,,,,WR/FLEX
120542-156152,WR,Tejhaun,Tejhaun Palmer,Palmer,,0,4000,ARI@SF,ARI,SF,,,,,,WR/FLEX
120542-92677,WR,Zavier,Zavier Scott,Scott,,0,4000,CIN@MIN,MIN,CIN,,,,,,WR/FLEX
120542-185863,RB,Hunter,Hunter Luepke,Luepke,1.4928571156093053,14,4000,DAL@CHI,DAL,CHI,,,,,,RB/FLEX
120542-89613,WR,Simi,Simi Fehoko,Fehoko,2.720000076293945,5,4000,ARI@SF,ARI,SF,,,,,,WR/FLEX
120542-201230,RB,Dylan,Dylan Laube,Laube,1.350000023841858,2,4000,LV@WAS,LV,WAS,,,,,,RB/FLEX
120542-86543,WR,Erik,Erik Ezukanma,Ezukanma,0,1,4000,HOU@JAC,JAC,HOU,,,,,,WR/FLEX
120542-154124,TE,Mitchell,Mitchell Evans,Evans,1.399999976158142,1,4000,ATL@CAR,CAR,ATL,,,,,,TE/FLEX
120542-201233,WR,Ryan,Ryan Flournoy,Flournoy,1.649999976158142,8,4000,DAL@CHI,DAL,CHI,,,,,,WR/FLEX
120542-128535,TE,Maximilian,Maximilian Mang,Mang,,0,4000,IND@TEN,IND,TEN,,,,,,TE/FLEX
120542-129560,WR,Xavier,Xavier Restrepo,Restrepo,,0,4000,IND@TEN,TEN,IND,,,,,,WR/FLEX
120542-160287,RB,Amar,Amar Johnson,Johnson,,0,4000,DEN@LAC,LAC,DEN,,,,,,RB/FLEX
120542-73247,RB,Kene,Kene Nwangwu,Nwangwu,0,1,4000,NYJ@TB,NYJ,TB,Q,Hamstring,,,,RB/FLEX
120542-103966,TE,Stone,Stone Smartt,Smartt,3.828571319580078,7,4000,NYJ@TB,NYJ,TB,,,,,,TE/FLEX
120542-185889,TE,Tanner,Tanner Taula,Taula,,0,4000,NYJ@TB,TB,NYJ,,,,,,TE/FLEX
120542-156197,TE,Bryson,Bryson Nesbit,Nesbit,,0,4000,CIN@MIN,MIN,CIN,,,,,,TE/FLEX
120542-226856,TE,JJ,JJ Galbreath,Galbreath,,0,4000,PIT@NE,PIT,NE,,,,,,TE/FLEX
120542-201260,WR,Mason,Mason Tipton,Tipton,1.8777777353922527,9,4000,NO@SEA,NO,SEA,,,,,,WR/FLEX
120542-160306,RB,Pierre,Pierre Strong Jr.,Strong Jr.,2.3500000635782876,12,4000,GB@CLE,GB,CLE,,,,,,RB/FLEX
120542-60981,TE,Charlie,Charlie Heck,Heck,,0,4000,NYJ@TB,TB,NYJ,,,,,,TE/FLEX
120542-173626,TE,Nate,Nate Adkins,Adkins,2.8076923076923075,13,4000,DEN@LAC,DEN,LAC,Q,Ankle,,,,TE/FLEX
120542-226875,WR,Ja'seem,Ja'seem Reed,Reed,,0,4000,ATL@CAR,CAR,ATL,,,,,,WR/FLEX
120542-226878,TE,Carter,Carter Runyon,Runyon,,0,4000,LV@WAS,LV,WAS,,,,,,TE/FLEX
120542-112192,WR,Jonathan,Jonathan Mingo,Mingo,1.6928571973528181,14,4000,DAL@CHI,DAL,CHI,IR,Knee - pcl,,,,WR/FLEX
120542-87621,WR,A.T.,A.T. Perry,Perry,,0,4000,DEN@LAC,DEN,LAC,,,,,,WR/FLEX
120542-104008,TE,Stephen,Stephen Carlson,Carlson,,0,4000,DAL@CHI,CHI,DAL,,,,,,TE/FLEX
120542-104012,WR,Ashton,Ashton Dulin,Dulin,0.75,2,4000,IND@TEN,IND,TEN,,,,,,WR/FLEX
120542-114252,WR,Xavier,Xavier Weaver,Weaver,0,3,4000,ARI@SF,ARI,SF,,,,,,WR/FLEX
120542-54863,WR,C.J.,C.J. Goodwin,Goodwin,0,4,4000,DAL@CHI,DAL,CHI,,,,,,WR/FLEX
120542-104019,TE,Matt,Matt Orzech,Orzech,0,2,4000,GB@CLE,GB,CLE,,,,,,TE/FLEX
120542-87634,TE,Blake,Blake Whiteheart,Whiteheart,2.0142857687813893,7,4000,GB@CLE,CLE,GB,,,,,,TE/FLEX
120542-86612,TE,Brayden,Brayden Willis,Willis,0,1,4000,ARI@SF,SF,ARI,,,,,,TE/FLEX
120542-27229,RB,Ameer,Ameer Abdullah,Abdullah,7.728571210588727,14,4000,IND@TEN,IND,TEN,,,,,,RB/FLEX
120542-138854,WR,Ke'Shawn,Ke'Shawn Williams,Williams,,0,4000,PIT@NE,PIT,NE,,,,,,WR/FLEX
120542-129641,WR,Will,Will Sheppard,Sheppard,,0,4000,GB@CLE,GB,CLE,,,,,,WR/FLEX
120542-147051,RB,Jaleel,Jaleel McLaughlin,McLaughlin,5.029411764705882,17,4000,DEN@LAC,DEN,LAC,,,,,,RB/FLEX
120542-147049,TE,Drew,Drew Ogletree,Ogletree,1.9454545107754795,11,4000,IND@TEN,IND,TEN,,,,,,TE/FLEX
120542-88685,WR,Austin,Austin Trammell,Trammell,3,1,4000,HOU@JAC,JAC,HOU,,,,,,WR/FLEX
120542-131694,TE,Luke,Luke Lachey,Lachey,,0,4000,HOU@JAC,HOU,JAC,,,,,,TE/FLEX
120542-206447,RB,Max,Max Hurleman,Hurleman,,0,4000,PIT@NE,PIT,NE,,,,,,RB/FLEX
120542-94831,RB,Deneric,Deneric Prince,Prince,,0,4000,PIT@NE,NE,PIT,IR,Undisclosed,,,,RB/FLEX
120542-87668,WR,Shedrick,Shedrick Jackson,Jackson,,0,4000,LV@WAS,LV,WAS,,,,,,WR/FLEX
120542-86646,RB,Trey,Trey Sermon,Sermon,2.862499952316284,16,4000,PIT@NE,PIT,NE,,,,,,RB/FLEX
120542-104054,RB,Sincere,Sincere McCormick,McCormick,6.050000190734863,4,4000,ARI@SF,SF,ARI,,,,,,RB/FLEX
120542-128633,RB,Kimani,Kimani Vidal,Vidal,3.355555640326606,9,4000,DEN@LAC,LAC,DEN,,,,,,RB/FLEX
120542-201342,RB,Chris,Chris Collier,Collier,0.2166666587193807,6,4000,LV@WAS,LV,WAS,,,,,,RB/FLEX
120542-135812,WR,Quentin,Quentin Skinner,Skinner,,0,4000,NYJ@TB,NYJ,TB,,,,,,WR/FLEX
120542-87690,TE,Sal,Sal Cannella,Cannella,,0,4000,GB@CLE,CLE,GB,,,,,,TE/FLEX
120542-135824,WR,Luke,Luke Grimm,Grimm,,0,4000,DEN@LAC,LAC,DEN,,,,,,WR/FLEX
120542-64147,WR,Britain,Britain Covey,Covey,1.3800000190734862,5,4000,LAR@PHI,PHI,LAR,,,,,,WR/FLEX
120542-110230,RB,Kenny,Kenny McIntosh,McIntosh,2.322222179836697,9,4000,NO@SEA,SEA,NO,IR,Knee - acl,,,,RB/FLEX
120542-136857,RB,Ja'Quinden,Ja'Quinden Jackson,Jackson,,0,4000,HOU@JAC,JAC,HOU,,,,,,RB/FLEX
120542-93853,WR,Thayer,Thayer Thomas,Thomas,,0,4000,DEN@LAC,DEN,LAC,,,,,,WR/FLEX
120542-137889,WR,Brennan,Brennan Presley,Presley,,0,4000,LAR@PHI,LAR,PHI,,,,,,WR/FLEX
120542-86692,TE,Thomas,Thomas Odukoya,Odukoya,,0,4000,IND@TEN,TEN,IND,,,,,,TE/FLEX
120542-167588,WR,Jacoby,Jacoby Jones,Jones,,0,4000,LV@WAS,WAS,LV,,,,,,WR/FLEX
120542-85672,WR,Terrace,Terrace Marshall,Marshall,1.1199999809265138,5,4000,LAR@PHI,PHI,LAR,,,,,,WR/FLEX
120542-94888,TE,Messiah,Messiah Swinson,Swinson,,0,4000,ARI@SF,SF,ARI,,,,,,TE/FLEX
120542-152232,WR,Jordan,Jordan Moore,Moore,,0,4000,CIN@MIN,CIN,MIN,,,,,,WR/FLEX
120542-88752,WR,Charlie,Charlie Jones,Jones,0,2,4000,CIN@MIN,CIN,MIN,,,,,,WR/FLEX
120542-87731,WR,Dominique,Dominique Robinson,Robinson,0,1,4000,DAL@CHI,CHI,DAL,,,,,,WR/FLEX
120542-110259,WR,Treylon,Treylon Burks,Burks,1.1,5,4000,IND@TEN,TEN,IND,IR,Collarbone,,,,WR/FLEX
120542-52916,WR,Russell,Russell Gage Jr.,Gage Jr.,,0,4000,ARI@SF,SF,ARI,,,,,,WR/FLEX
120542-104117,TE,Joshua,Joshua Simon,Simon,,0,4000,ATL@CAR,ATL,CAR,,,,,,TE/FLEX
120542-69302,TE,Feleipe,Feleipe Franks,Franks,0.42500001192092896,4,4000,ATL@CAR,ATL,CAR,,,,,,TE/FLEX
120542-61112,TE,Josiah,Josiah Deguara,Deguara,0.9666666984558105,3,4000,ARI@SF,ARI,SF,,,,,,TE/FLEX
120542-110274,WR,Bub,Bub Means,Means,5.574999809265137,4,4000,NO@SEA,NO,SEA,IR,Lower leg,,,,WR/FLEX
120542-111300,RB,Jacardia,Jacardia Wright,Wright,,0,4000,NO@SEA,SEA,NO,,,,,,RB/FLEX
120542-193226,TE,Mason,Mason Pline,Pline,,0,4000,NO@SEA,NO,SEA,IR,Upper body,,,,TE/FLEX
120542-65231,RB,Adam,Adam Prentice,Prentice,0.8999999761581421,1,4000,DEN@LAC,DEN,LAC,,,,,,RB/FLEX
120542-114382,WR,Cade,Cade McDonald,McDonald,,0,4000,GB@CLE,CLE,GB,IR,Undisclosed,,,,WR/FLEX
120542-63186,WR,James,James Proche II,Proche II,0.1777777804268731,9,4000,IND@TEN,TEN,IND,,,,,,WR/FLEX
120542-92882,TE,Connor,Connor Heyward,Heyward,1.100000023841858,1,4000,PIT@NE,PIT,NE,,,,,,TE/FLEX
120542-86747,WR,Dylan,Dylan Drummond,Drummond,,0,4000,ATL@CAR,ATL,CAR,,,,,,WR/FLEX
120542-92890,WR,Cody,Cody White,White,0,1,4000,NO@SEA,SEA,NO,,,,,,WR/FLEX
120542-111325,RB,Ulysses,Ulysses Bentley IV,Bentley IV,0,1,4000,IND@TEN,IND,TEN,,,,,,RB/FLEX
120542-147168,WR,Chris,Chris Blair,Blair,1.100000023841858,2,4000,ATL@CAR,ATL,CAR,,,,,,WR/FLEX
120542-104165,RB,Lew,Lew Nichols,Nichols,0,1,4000,PIT@NE,PIT,NE,,,,,,RB/FLEX
120542-158438,TE,Oronde,Oronde Gadsden II,Gadsden II,,0,4000,DEN@LAC,LAC,DEN,,,,,,TE/FLEX
120542-86762,TE,Jack,Jack Westover,Westover,0,1,4000,PIT@NE,NE,PIT,,,,,,TE/FLEX
120542-131835,WR,Efton,Efton Chism III,Chism III,,0,4000,PIT@NE,NE,PIT,,,,,,WR/FLEX
120542-208634,WR,Tommy,Tommy Mellott,Mellott,,0,4000,NO@SEA,NO,SEA,,,,,,WR/FLEX
120542-86778,TE,Devin,Devin Culp,Culp,3.7666667302449546,3,4000,NYJ@TB,TB,NYJ,,,,,,TE/FLEX
120542-86780,RB,Salvon,Salvon Ahmed,Ahmed,,0,4000,IND@TEN,IND,TEN,IR,Ankle,,,,RB/FLEX
120542-137990,TE,Tip,Tip Reiman,Reiman,1.5,1,4000,ARI@SF,ARI,SF,Q,Foot,,,,TE/FLEX
120542-142086,WR,Silas,Silas Bolden,Bolden,,0,4000,HOU@JAC,HOU,JAC,,,,,,WR/FLEX
120542-156426,RB,Brock,Brock Lampe,Lampe,,0,4000,PIT@NE,NE,PIT,IR,Undisclosed,,,,RB/FLEX
120542-86800,TE,Colson,Colson Yankoff,Yankoff,,0,4000,LV@WAS,WAS,LV,,,,,,TE/FLEX
120542-71444,RB,Travis,Travis Homer,Homer,0.9800000190734863,5,4000,DAL@CHI,CHI,DAL,IR,Calf,,,,RB/FLEX
120542-107293,RB,Tyjae,Tyjae Spears,Spears,7.584615267240084,13,4000,IND@TEN,TEN,IND,IR,Ankle,,,,RB/FLEX
120542-71459,RB,Brittain,Brittain Brown,Brown,,0,4000,DAL@CHI,CHI,DAL,,,,,,RB/FLEX
120542-114469,WR,Tyrone,Tyrone Broden,Broden,,0,4000,NO@SEA,SEA,NO,,,,,,WR/FLEX
120542-87844,TE,Brady,Brady Russell,Russell,0,1,4000,NO@SEA,SEA,NO,,,,,,TE/FLEX
120542-72493,WR,Trishton,Trishton Jackson,Jackson,,0,4000,ARI@SF,ARI,SF,IR,Thumb,,,,WR/FLEX
120542-110380,RB,Keilan,Keilan Robinson,Robinson,0,1,4000,NYJ@TB,NYJ,TB,,,,,,RB/FLEX
120542-138028,RB,Kalel,Kalel Mullings,Mullings,,0,4000,IND@TEN,TEN,IND,Q,Ankle,,,,RB/FLEX
120542-55088,WR,Malik,Malik Turner,Turner,,0,4000,ARI@SF,SF,ARI,,,,,,WR/FLEX
120542-137017,TE,Drake,Drake Dabney,Dabney,,0,4000,IND@TEN,TEN,IND,,,,,,TE/FLEX
120542-201535,WR,Kameron,Kameron Johnson,Johnson,0,2,4000,NYJ@TB,TB,NYJ,,,,,,WR/FLEX
120542-72515,TE,Ian,Ian Thomas,Thomas,0.7333333492279053,3,4000,LV@WAS,LV,WAS,,,,,,TE/FLEX
120542-91971,RB,Ronnie,Ronnie Rivers,Rivers,2.075000047683716,8,4000,LAR@PHI,LAR,PHI,,,,,,RB/FLEX
120542-119619,WR,Traeshon,Traeshon Holden,Holden,,0,4000,DAL@CHI,DAL,CHI,,,,,,WR/FLEX
120542-201547,WR,Jalen,Jalen Coker,Coker,6.6299997965494795,12,4000,ATL@CAR,CAR,ATL,IR,Quadriceps,,,,WR/FLEX
120542-69451,TE,Jack,Jack Stoll,Stoll,0.6666666666666666,3,4000,NO@SEA,NO,SEA,,,,,,TE/FLEX
120542-58189,TE,Mitchell,Mitchell Fraboni,Fraboni,0,1,4000,DEN@LAC,DEN,LAC,,,,,,TE/FLEX
120542-41806,WR,Laquon,Laquon Treadwell,Treadwell,,0,4000,IND@TEN,IND,TEN,,,,,,WR/FLEX
120542-201553,WR,John,John Jiles,Jiles,,0,4000,PIT@NE,NE,PIT,,,,,,WR/FLEX
120542-91989,RB,Jordan,Jordan Mims,Mims,2.8714286259242465,7,4000,IND@TEN,TEN,IND,,,,,,RB/FLEX
120542-103252,RB,Zonovan,Zonovan Knight,Knight,0,1,4000,ARI@SF,ARI,SF,,,,,,RB/FLEX
120542-104278,TE,Donald,Donald Parham Jr.,Parham Jr.,,0,4000,PIT@NE,PIT,NE,IR,Achilles,,,,TE/FLEX
120542-61273,WR,Scotty,Scotty Miller,Miller,1.8799999237060547,5,4000,PIT@NE,PIT,NE,,,,,,WR/FLEX
120542-136031,WR,Rakim,Rakim Jarrett,Jarrett,2.112499952316284,8,4000,PIT@NE,PIT,NE,,,,,,WR/FLEX
120542-154461,WR,Ja'Corey,Ja'Corey Brooks,Brooks,,0,4000,LV@WAS,WAS,LV,,,,,,WR/FLEX
120542-201564,TE,Cam,Cam Grandy,Grandy,1.3250000476837158,4,4000,CIN@MIN,CIN,MIN,,,,,,TE/FLEX
120542-93026,TE,Teagan,Teagan Quitoriano,Quitoriano,0,2,4000,ATL@CAR,ATL,CAR,,,,,,TE/FLEX
120542-114530,WR,Jacob,Jacob Cowing,Cowing,0.5799999872843424,15,4000,ARI@SF,SF,ARI,IR,Hamstring,,,,WR/FLEX
120542-70501,RB,C.J.,C.J. Ham,Ham,2.050000031789144,6,4000,CIN@MIN,MIN,CIN,IR,Undisclosed,,,,RB/FLEX
120542-114532,RB,Deion,Deion Hankins,Hankins,,0,4000,DAL@CHI,CHI,DAL,IR,Quadriceps,,,,RB/FLEX
120542-192359,WR,JaQuae,JaQuae Jackson,Jackson,,0,4000,DEN@LAC,LAC,DEN,,,,,,WR/FLEX
120542-169834,WR,Dareke,Dareke Young,Young,0,2,4000,NO@SEA,SEA,NO,,,,,,WR/FLEX
120542-120684,WR,Garrett,Garrett Greene,Greene,,0,4000,NYJ@TB,TB,NYJ,,,,,,WR/FLEX
120542-39793,TE,George,George Kittle,Kittle,10.5,1,4000,ARI@SF,SF,ARI,IR,Hamstring,,,,TE/FLEX
120542-120694,WR,Ja'Lynn,Ja'Lynn Polk,Polk,2.053846212533804,13,4000,NO@SEA,NO,SEA,IR,Shoulder,,,,WR/FLEX
120542-119672,RB,Kendall,Kendall Milton,Milton,,0,4000,CIN@MIN,CIN,MIN,,,,,,RB/FLEX
120542-134014,WR,Jordan,Jordan Watkins,Watkins,,0,4000,ARI@SF,SF,ARI,,,,,,WR/FLEX
120542-94087,RB,DeeJay,DeeJay Dallas,Dallas,1.5,13,4000,ATL@CAR,CAR,ATL,,,,,,RB/FLEX
120542-103302,WR,Courtney,Courtney Jackson,Jackson,,0,4000,NO@SEA,SEA,NO,,,,,,WR/FLEX
120542-23435,TE,Andrew,Andrew DePaola,DePaola,,0,4000,CIN@MIN,MIN,CIN,,,,,,TE/FLEX
120542-103308,RB,Jawhar,Jawhar Jordan,Jordan,,0,4000,HOU@JAC,HOU,JAC,,,,,,RB/FLEX
120542-94094,TE,Brevin,Brevin Jordan,Jordan,0.8500000238418579,2,4000,HOU@JAC,HOU,JAC,IR,Knee,,,,TE/FLEX
120542-119697,RB,MarShawn,MarShawn Lloyd,Lloyd,2.299999952316284,1,4000,GB@CLE,GB,CLE,IR,Hamstring,,,,RB/FLEX
120542-128913,WR,Malachi,Malachi Corley,Corley,0.7400000095367432,5,4000,GB@CLE,CLE,GB,,,,,,WR/FLEX
120542-166801,RB,Jaydon,Jaydon Blue,Blue,,0,4000,DAL@CHI,DAL,CHI,,,,,,RB/FLEX
120542-28570,TE,Nick,Nick Vannett,Vannett,3.3333333333333335,12,4000,CIN@MIN,MIN,CIN,,,,,,TE/FLEX
120542-114591,TE,William,William Wagner,Wagner,,0,4000,CIN@MIN,CIN,MIN,,,,,,TE/FLEX
120542-137122,RB,Tahj,Tahj Brooks,Brooks,,0,4000,CIN@MIN,CIN,MIN,,,,,,RB/FLEX
120542-94116,TE,Will,Will Mallory,Mallory,0.612500011920929,8,4000,IND@TEN,IND,TEN,,,,,,TE/FLEX
120542-119722,WR,Johnny,Johnny Wilson,Wilson,1.2300000190734863,10,4000,LAR@PHI,PHI,LAR,IR,Knee,,,,WR/FLEX
120542-91055,WR,Kevin,Kevin Austin Jr.,Austin Jr.,2.6875,8,4000,NO@SEA,NO,SEA,,,,,,WR/FLEX
120542-175021,RB,Jordan,Jordan James,James,,0,4000,ARI@SF,SF,ARI,,,,,,RB/FLEX
120542-72627,RB,Patrick,Patrick Taylor Jr.,Taylor Jr.,6.259999847412109,5,4000,ARI@SF,SF,ARI,IR,Shoulder,,,,RB/FLEX
120542-156596,RB,Jarquez,Jarquez Hunter,Hunter,,0,4000,LAR@PHI,LAR,PHI,,,,,,RB/FLEX
120542-152522,RB,Phil,Phil Mafah,Mafah,,0,4000,DAL@CHI,DAL,CHI,IR,Shoulder,,,,RB/FLEX
120542-69581,WR,Cedrick,Cedrick Wilson Jr.,Wilson Jr.,3.630908966064453,11,4000,NO@SEA,NO,SEA,,,,,,WR/FLEX
120542-152540,TE,CJ,CJ Dippre,Dippre,,0,4000,PIT@NE,NE,PIT,,,,,,TE/FLEX
120542-85986,TE,James,James Mitchell,Mitchell,,0,4000,ATL@CAR,CAR,ATL,,,,,,TE/FLEX
120542-138221,WR,Ricky,Ricky White III,White III,,0,4000,NO@SEA,SEA,NO,,,,,,WR/FLEX
120542-152574,RB,Donovan,Donovan Edwards,Edwards,,0,4000,LV@WAS,WAS,LV,,,,,,RB/FLEX
120542-12538,D,Los Angeles,Los Angeles Rams,Rams,9.5,2,3900,LAR@PHI,LAR,PHI,,,,,,DEF
120542-12525,D,Atlanta,Atlanta Falcons,Falcons,11,2,3800,ATL@CAR,ATL,CAR,,,,,,DEF
120542-12527,D,Chicago,Chicago Bears,Bears,3.5,2,3700,DAL@CHI,CHI,DAL,,,,,,DEF
120542-12541,D,New England,New England Patriots,Patriots,10,2,3600,PIT@NE,NE,PIT,,,,,,DEF
120542-12528,D,Cincinnati,Cincinnati Bengals,Bengals,6,2,3500,CIN@MIN,CIN,MIN,,,,,,DEF
120542-12548,D,Los Angeles,Los Angeles Chargers,Chargers,7.5,2,3500,DEN@LAC,LAC,DEN,,,,,,DEF
120542-12546,D,Arizona,Arizona Cardinals,Cardinals,9,2,3400,ARI@SF,ARI,SF,,,,,,DEF
120542-12556,D,Houston,Houston Texans,Texans,6.5,2,3400,HOU@JAC,HOU,JAC,,,,,,DEF
120542-12544,D,New York,New York Jets,Jets,1.5,2,3300,NYJ@TB,NYJ,TB,,,,,,DEF
120542-12554,D,Jacksonville,Jacksonville Jaguars,Jaguars,9.5,2,3300,HOU@JAC,JAC,HOU,,,,,,DEF
120542-12530,D,Dallas,Dallas Cowboys,Cowboys,1,2,3200,DAL@CHI,DAL,CHI,,,,,,DEF
120542-12542,D,New Orleans,New Orleans Saints,Saints,6.5,2,3200,NO@SEA,NO,SEA,,,,,,DEF
120542-12534,D,Tennessee,Tennessee Titans,Titans,7,2,3100,IND@TEN,TEN,IND,,,,,,DEF
120542-12537,D,Las Vegas,Las Vegas Raiders,Raiders,7.5,2,3100,LV@WAS,LV,WAS,,,,,,DEF
120542-12529,D,Cleveland,Cleveland Browns,Browns,1.5,2,3000,GB@CLE,CLE,GB,,,,,,DEF
120542-12553,D,Carolina,Carolina Panthers,Panthers,2.5,2,3000,ATL@CAR,CAR,ATL,,,,,,DEF